<annotation>
  <folder>images</folder>
  <filename>nike_153.JPEG</filename>
  <size>
    <width>700</width>
    <height>700</height>
    <depth>3</depth>
  </size>
  <segmented>0</segmented>
  <object>
    <name>nike</name>
    <pose>center</pose>
    <truncated>1</truncated>
    <difficult>0</difficult>
    <bndbox>
      <xmin>323</xmin>
      <ymin>53</ymin>
      <xmax>372</xmax>
      <ymax>75</ymax>
    </bndbox>
  </object>
  <object>
    <name>nike</name>
    <pose>center</pose>
    <truncated>1</truncated>
    <difficult>0</difficult>
    <bndbox>
      <xmin>402</xmin>
      <ymin>88</ymin>
      <xmax>471</xmax>
      <ymax>114</ymax>
    </bndbox>
  </object>
  <object>
    <name>nike</name>
    <pose>center</pose>
    <truncated>1</truncated>
    <difficult>0</difficult>
    <bndbox>
      <xmin>489</xmin>
      <ymin>611</ymin>
      <xmax>516</xmax>
      <ymax>650</ymax>
    </bndbox>
  </object>
</annotation>
