<annotation>
  <folder>images</folder>
  <filename>nike_158.JPEG</filename>
  <size>
    <width>687</width>
    <height>600</height>
    <depth>3</depth>
  </size>
  <segmented>0</segmented>
  <object>
    <name>nike</name>
    <pose>center</pose>
    <truncated>1</truncated>
    <difficult>0</difficult>
    <bndbox>
      <xmin>338</xmin>
      <ymin>128</ymin>
      <xmax>404</xmax>
      <ymax>148</ymax>
    </bndbox>
  </object>
  <object>
    <name>nike</name>
    <pose>center</pose>
    <truncated>1</truncated>
    <difficult>0</difficult>
    <bndbox>
      <xmin>351</xmin>
      <ymin>26</ymin>
      <xmax>380</xmax>
      <ymax>53</ymax>
    </bndbox>
  </object>
</annotation>
