<annotation>
  <folder>images</folder>
  <filename>nike_181.JPEG</filename>
  <size>
    <width>500</width>
    <height>500</height>
    <depth>3</depth>
  </size>
  <segmented>0</segmented>
  <object>
    <name>nike</name>
    <pose>center</pose>
    <truncated>1</truncated>
    <difficult>0</difficult>
    <bndbox>
      <xmin>232</xmin>
      <ymin>20</ymin>
      <xmax>268</xmax>
      <ymax>40</ymax>
    </bndbox>
  </object>
  <object>
    <name>nike</name>
    <pose>center</pose>
    <truncated>1</truncated>
    <difficult>0</difficult>
    <bndbox>
      <xmin>306</xmin>
      <ymin>51</ymin>
      <xmax>343</xmax>
      <ymax>68</ymax>
    </bndbox>
  </object>
</annotation>
