<annotation>
  <folder>images</folder>
  <filename>nike_30.JPEG</filename>
  <size>
    <width>720</width>
    <height>720</height>
    <depth>3</depth>
  </size>
  <segmented>0</segmented>
  <object>
    <name>nike</name>
    <pose>center</pose>
    <truncated>1</truncated>
    <difficult>0</difficult>
    <bndbox>
      <xmin>335</xmin>
      <ymin>73</ymin>
      <xmax>359</xmax>
      <ymax>83</ymax>
    </bndbox>
  </object>
  <object>
    <name>nike</name>
    <pose>center</pose>
    <truncated>1</truncated>
    <difficult>0</difficult>
    <bndbox>
      <xmin>343</xmin>
      <ymin>156</ymin>
      <xmax>413</xmax>
      <ymax>182</ymax>
    </bndbox>
  </object>
</annotation>
