<annotation>
  <folder>images</folder>
  <filename>nike_13.JPEG</filename>
  <size>
    <width>700</width>
    <height>700</height>
    <depth>3</depth>
  </size>
  <segmented>0</segmented>
  <object>
    <name>nike</name>
    <pose>center</pose>
    <truncated>1</truncated>
    <difficult>0</difficult>
    <bndbox>
      <xmin>237</xmin>
      <ymin>193</ymin>
      <xmax>465</xmax>
      <ymax>333</ymax>
    </bndbox>
  </object>
  <object>
    <name>nike</name>
    <pose>center</pose>
    <truncated>1</truncated>
    <difficult>0</difficult>
    <bndbox>
      <xmin>312</xmin>
      <ymin>70</ymin>
      <xmax>353</xmax>
      <ymax>94</ymax>
    </bndbox>
  </object>
</annotation>
