<annotation>
  <folder>images</folder>
  <filename>nike_23.JPEG</filename>
  <size>
    <width>500</width>
    <height>613</height>
    <depth>3</depth>
  </size>
  <segmented>0</segmented>
  <object>
    <name>nike</name>
    <pose>center</pose>
    <truncated>1</truncated>
    <difficult>0</difficult>
    <bndbox>
      <xmin>242</xmin>
      <ymin>39</ymin>
      <xmax>274</xmax>
      <ymax>60</ymax>
    </bndbox>
  </object>
  <object>
    <name>nike</name>
    <pose>center</pose>
    <truncated>1</truncated>
    <difficult>0</difficult>
    <bndbox>
      <xmin>130</xmin>
      <ymin>136</ymin>
      <xmax>306</xmax>
      <ymax>272</ymax>
    </bndbox>
  </object>
</annotation>
