<annotation>
  <folder>images</folder>
  <filename>nike_167.JPEG</filename>
  <size>
    <width>1000</width>
    <height>1000</height>
    <depth>3</depth>
  </size>
  <segmented>0</segmented>
  <object>
    <name>nike</name>
    <pose>center</pose>
    <truncated>1</truncated>
    <difficult>0</difficult>
    <bndbox>
      <xmin>487</xmin>
      <ymin>58</ymin>
      <xmax>513</xmax>
      <ymax>73</ymax>
    </bndbox>
  </object>
  <object>
    <name>nike</name>
    <pose>center</pose>
    <truncated>1</truncated>
    <difficult>0</difficult>
    <bndbox>
      <xmin>405</xmin>
      <ymin>140</ymin>
      <xmax>478</xmax>
      <ymax>172</ymax>
    </bndbox>
  </object>
  <object>
    <name>nike</name>
    <pose>center</pose>
    <truncated>1</truncated>
    <difficult>0</difficult>
    <bndbox>
      <xmin>296</xmin>
      <ymin>201</ymin>
      <xmax>535</xmax>
      <ymax>337</ymax>
    </bndbox>
  </object>
</annotation>
