<annotation>
  <folder>images</folder>
  <filename>nike_49.JPEG</filename>
  <size>
    <width>1320</width>
    <height>1616</height>
    <depth>3</depth>
  </size>
  <segmented>0</segmented>
  <object>
    <name>nike</name>
    <pose>center</pose>
    <truncated>1</truncated>
    <difficult>0</difficult>
    <bndbox>
      <xmin>612</xmin>
      <ymin>137</ymin>
      <xmax>667</xmax>
      <ymax>157</ymax>
    </bndbox>
  </object>
  <object>
    <name>nike</name>
    <pose>center</pose>
    <truncated>1</truncated>
    <difficult>0</difficult>
    <bndbox>
      <xmin>798</xmin>
      <ymin>317</ymin>
      <xmax>905</xmax>
      <ymax>362</ymax>
    </bndbox>
  </object>
</annotation>
