<annotation>
  <folder>images</folder>
  <filename>nike_157.JPEG</filename>
  <size>
    <width>500</width>
    <height>714</height>
    <depth>3</depth>
  </size>
  <segmented>0</segmented>
  <object>
    <name>nike</name>
    <pose>center</pose>
    <truncated>1</truncated>
    <difficult>0</difficult>
    <bndbox>
      <xmin>375</xmin>
      <ymin>605</ymin>
      <xmax>403</xmax>
      <ymax>632</ymax>
    </bndbox>
  </object>
  <object>
    <name>nike</name>
    <pose>center</pose>
    <truncated>1</truncated>
    <difficult>0</difficult>
    <bndbox>
      <xmin>280</xmin>
      <ymin>195</ymin>
      <xmax>330</xmax>
      <ymax>214</ymax>
    </bndbox>
  </object>
</annotation>
