<annotation>
  <folder>images</folder>
  <filename>nike_154.JPEG</filename>
  <size>
    <width>600</width>
    <height>600</height>
    <depth>3</depth>
  </size>
  <segmented>0</segmented>
  <object>
    <name>nike</name>
    <pose>center</pose>
    <truncated>1</truncated>
    <difficult>0</difficult>
    <bndbox>
      <xmin>231</xmin>
      <ymin>99</ymin>
      <xmax>283</xmax>
      <ymax>126</ymax>
    </bndbox>
  </object>
  <object>
    <name>nike</name>
    <pose>center</pose>
    <truncated>1</truncated>
    <difficult>0</difficult>
    <bndbox>
      <xmin>356</xmin>
      <ymin>532</ymin>
      <xmax>382</xmax>
      <ymax>564</ymax>
    </bndbox>
  </object>
</annotation>
