<annotation>
  <folder>images</folder>
  <filename>nike_137.JPEG</filename>
  <size>
    <width>500</width>
    <height>500</height>
    <depth>3</depth>
  </size>
  <segmented>0</segmented>
  <object>
    <name>nike</name>
    <pose>center</pose>
    <truncated>1</truncated>
    <difficult>0</difficult>
    <bndbox>
      <xmin>222</xmin>
      <ymin>24</ymin>
      <xmax>265</xmax>
      <ymax>51</ymax>
    </bndbox>
  </object>
  <object>
    <name>nike</name>
    <pose>center</pose>
    <truncated>1</truncated>
    <difficult>0</difficult>
    <bndbox>
      <xmin>165</xmin>
      <ymin>108</ymin>
      <xmax>329</xmax>
      <ymax>243</ymax>
    </bndbox>
  </object>
</annotation>
