<annotation>
  <folder>images</folder>
  <filename>nike_68.JPEG</filename>
  <size>
    <width>620</width>
    <height>620</height>
    <depth>3</depth>
  </size>
  <segmented>0</segmented>
  <object>
    <name>nike</name>
    <pose>center</pose>
    <truncated>1</truncated>
    <difficult>0</difficult>
    <bndbox>
      <xmin>335</xmin>
      <ymin>138</ymin>
      <xmax>413</xmax>
      <ymax>189</ymax>
    </bndbox>
  </object>
  <object>
    <name>nike</name>
    <pose>center</pose>
    <truncated>1</truncated>
    <difficult>0</difficult>
    <bndbox>
      <xmin>351</xmin>
      <ymin>594</ymin>
      <xmax>449</xmax>
      <ymax>620</ymax>
    </bndbox>
  </object>
</annotation>
