<annotation>
  <folder>images</folder>
  <filename>nike_25.JPEG</filename>
  <size>
    <width>500</width>
    <height>613</height>
    <depth>3</depth>
  </size>
  <segmented>0</segmented>
  <object>
    <name>nike</name>
    <pose>center</pose>
    <truncated>1</truncated>
    <difficult>0</difficult>
    <bndbox>
      <xmin>262</xmin>
      <ymin>124</ymin>
      <xmax>314</xmax>
      <ymax>145</ymax>
    </bndbox>
  </object>
  <object>
    <name>nike</name>
    <pose>center</pose>
    <truncated>1</truncated>
    <difficult>0</difficult>
    <bndbox>
      <xmin>227</xmin>
      <ymin>36</ymin>
      <xmax>255</xmax>
      <ymax>64</ymax>
    </bndbox>
  </object>
</annotation>
