<annotation>
  <folder>images</folder>
  <filename>nike_180.JPEG</filename>
  <size>
    <width>620</width>
    <height>620</height>
    <depth>3</depth>
  </size>
  <segmented>0</segmented>
  <object>
    <name>nike</name>
    <pose>center</pose>
    <truncated>1</truncated>
    <difficult>0</difficult>
    <bndbox>
      <xmin>341</xmin>
      <ymin>134</ymin>
      <xmax>381</xmax>
      <ymax>157</ymax>
    </bndbox>
  </object>
  <object>
    <name>nike</name>
    <pose>center</pose>
    <truncated>1</truncated>
    <difficult>0</difficult>
    <bndbox>
      <xmin>361</xmin>
      <ymin>541</ymin>
      <xmax>410</xmax>
      <ymax>573</ymax>
    </bndbox>
  </object>
</annotation>
