<annotation>
  <folder>images</folder>
  <filename>nike_76.JPEG</filename>
  <size>
    <width>611</width>
    <height>611</height>
    <depth>3</depth>
  </size>
  <segmented>0</segmented>
  <object>
    <name>nike</name>
    <pose>center</pose>
    <truncated>1</truncated>
    <difficult>0</difficult>
    <bndbox>
      <xmin>207</xmin>
      <ymin>89</ymin>
      <xmax>258</xmax>
      <ymax>113</ymax>
    </bndbox>
  </object>
  <object>
    <name>nike</name>
    <pose>center</pose>
    <truncated>1</truncated>
    <difficult>0</difficult>
    <bndbox>
      <xmin>311</xmin>
      <ymin>62</ymin>
      <xmax>332</xmax>
      <ymax>72</ymax>
    </bndbox>
  </object>
</annotation>
