<annotation>
  <folder>images</folder>
  <filename>nike_27.JPEG</filename>
  <size>
    <width>500</width>
    <height>613</height>
    <depth>3</depth>
  </size>
  <segmented>0</segmented>
  <object>
    <name>nike</name>
    <pose>center</pose>
    <truncated>1</truncated>
    <difficult>0</difficult>
    <bndbox>
      <xmin>150</xmin>
      <ymin>124</ymin>
      <xmax>258</xmax>
      <ymax>177</ymax>
    </bndbox>
  </object>
  <object>
    <name>nike</name>
    <pose>center</pose>
    <truncated>1</truncated>
    <difficult>0</difficult>
    <bndbox>
      <xmin>230</xmin>
      <ymin>32</ymin>
      <xmax>268</xmax>
      <ymax>56</ymax>
    </bndbox>
  </object>
  <object>
    <name>nike</name>
    <pose>center</pose>
    <truncated>1</truncated>
    <difficult>0</difficult>
    <bndbox>
      <xmin>214</xmin>
      <ymin>13</ymin>
      <xmax>285</xmax>
      <ymax>22</ymax>
    </bndbox>
  </object>
</annotation>
