<annotation>
  <folder>images</folder>
  <filename>nike_90.JPEG</filename>
  <size>
    <width>250</width>
    <height>300</height>
    <depth>3</depth>
  </size>
  <segmented>0</segmented>
  <object>
    <name>nike</name>
    <pose>center</pose>
    <truncated>1</truncated>
    <difficult>0</difficult>
    <bndbox>
      <xmin>193</xmin>
      <ymin>21</ymin>
      <xmax>240</xmax>
      <ymax>46</ymax>
    </bndbox>
  </object>
  <object>
    <name>nike</name>
    <pose>center</pose>
    <truncated>1</truncated>
    <difficult>0</difficult>
    <bndbox>
      <xmin>110</xmin>
      <ymin>73</ymin>
      <xmax>141</xmax>
      <ymax>91</ymax>
    </bndbox>
  </object>
</annotation>
