<annotation>
  <folder>images</folder>
  <filename>nike_47.JPEG</filename>
  <size>
    <width>620</width>
    <height>620</height>
    <depth>3</depth>
  </size>
  <segmented>0</segmented>
  <object>
    <name>nike</name>
    <pose>center</pose>
    <truncated>1</truncated>
    <difficult>0</difficult>
    <bndbox>
      <xmin>228</xmin>
      <ymin>290</ymin>
      <xmax>281</xmax>
      <ymax>308</ymax>
    </bndbox>
  </object>
  <object>
    <name>nike</name>
    <pose>center</pose>
    <truncated>1</truncated>
    <difficult>0</difficult>
    <bndbox>
      <xmin>299</xmin>
      <ymin>48</ymin>
      <xmax>331</xmax>
      <ymax>65</ymax>
    </bndbox>
  </object>
</annotation>
