<annotation>
  <folder>images</folder>
  <filename>nike_21.jpeg</filename>
  <size>
    <width>1390</width>
    <height>2000</height>
    <depth>3</depth>
  </size>
  <segmented>0</segmented>
  <object>
    <name>nike</name>
    <pose>center</pose>
    <truncated>1</truncated>
    <difficult>0</difficult>
    <bndbox>
      <xmin>654</xmin>
      <ymin>386</ymin>
      <xmax>879</xmax>
      <ymax>465</ymax>
    </bndbox>
  </object>
  <object>
    <name>nike</name>
    <pose>center</pose>
    <truncated>1</truncated>
    <difficult>0</difficult>
    <bndbox>
      <xmin>621</xmin>
      <ymin>103</ymin>
      <xmax>750</xmax>
      <ymax>160</ymax>
    </bndbox>
  </object>
</annotation>
