<annotation>
  <folder>images</folder>
  <filename>nike_122.JPEG</filename>
  <size>
    <width>510</width>
    <height>510</height>
    <depth>3</depth>
  </size>
  <segmented>0</segmented>
  <object>
    <name>nike</name>
    <pose>center</pose>
    <truncated>1</truncated>
    <difficult>0</difficult>
    <bndbox>
      <xmin>206</xmin>
      <ymin>110</ymin>
      <xmax>329</xmax>
      <ymax>182</ymax>
    </bndbox>
  </object>
  <object>
    <name>nike</name>
    <pose>center</pose>
    <truncated>1</truncated>
    <difficult>0</difficult>
    <bndbox>
      <xmin>238</xmin>
      <ymin>46</ymin>
      <xmax>268</xmax>
      <ymax>67</ymax>
    </bndbox>
  </object>
</annotation>
