<annotation>
  <folder>images</folder>
  <filename>nike_173.jpeg</filename>
  <size>
    <width>1320</width>
    <height>1616</height>
    <depth>3</depth>
  </size>
  <segmented>0</segmented>
  <object>
    <name>nike</name>
    <pose>center</pose>
    <truncated>1</truncated>
    <difficult>0</difficult>
    <bndbox>
      <xmin>845</xmin>
      <ymin>224</ymin>
      <xmax>984</xmax>
      <ymax>272</ymax>
    </bndbox>
  </object>
  <object>
    <name>nike</name>
    <pose>center</pose>
    <truncated>1</truncated>
    <difficult>0</difficult>
    <bndbox>
      <xmin>605</xmin>
      <ymin>96</ymin>
      <xmax>724</xmax>
      <ymax>149</ymax>
    </bndbox>
  </object>
</annotation>
