<annotation>
  <folder>images</folder>
  <filename>nike_78.JPEG</filename>
  <size>
    <width>580</width>
    <height>580</height>
    <depth>3</depth>
  </size>
  <segmented>0</segmented>
  <object>
    <name>nike</name>
    <pose>center</pose>
    <truncated>1</truncated>
    <difficult>0</difficult>
    <bndbox>
      <xmin>198</xmin>
      <ymin>100</ymin>
      <xmax>432</xmax>
      <ymax>225</ymax>
    </bndbox>
  </object>
  <object>
    <name>nike</name>
    <pose>center</pose>
    <truncated>1</truncated>
    <difficult>0</difficult>
    <bndbox>
      <xmin>256</xmin>
      <ymin>27</ymin>
      <xmax>308</xmax>
      <ymax>67</ymax>
    </bndbox>
  </object>
</annotation>
