<annotation>
  <folder>images</folder>
  <filename>nike_135.JPEG</filename>
  <size>
    <width>1273</width>
    <height>2000</height>
    <depth>3</depth>
  </size>
  <segmented>0</segmented>
  <object>
    <name>nike</name>
    <pose>center</pose>
    <truncated>1</truncated>
    <difficult>0</difficult>
    <bndbox>
      <xmin>652</xmin>
      <ymin>508</ymin>
      <xmax>797</xmax>
      <ymax>560</ymax>
    </bndbox>
  </object>
  <object>
    <name>nike</name>
    <pose>center</pose>
    <truncated>1</truncated>
    <difficult>0</difficult>
    <bndbox>
      <xmin>646</xmin>
      <ymin>139</ymin>
      <xmax>673</xmax>
      <ymax>155</ymax>
    </bndbox>
  </object>
</annotation>
