<annotation>
  <folder>images</folder>
  <filename>nike_168.JPEG</filename>
  <size>
    <width>600</width>
    <height>600</height>
    <depth>3</depth>
  </size>
  <segmented>0</segmented>
  <object>
    <name>nike</name>
    <pose>center</pose>
    <truncated>1</truncated>
    <difficult>0</difficult>
    <bndbox>
      <xmin>324</xmin>
      <ymin>95</ymin>
      <xmax>375</xmax>
      <ymax>113</ymax>
    </bndbox>
  </object>
  <object>
    <name>nike</name>
    <pose>center</pose>
    <truncated>1</truncated>
    <difficult>0</difficult>
    <bndbox>
      <xmin>273</xmin>
      <ymin>29</ymin>
      <xmax>309</xmax>
      <ymax>59</ymax>
    </bndbox>
  </object>
</annotation>
