<annotation>
  <folder>images</folder>
  <filename>nike_74.JPEG</filename>
  <size>
    <width>600</width>
    <height>600</height>
    <depth>3</depth>
  </size>
  <segmented>0</segmented>
  <object>
    <name>nike</name>
    <pose>center</pose>
    <truncated>1</truncated>
    <difficult>0</difficult>
    <bndbox>
      <xmin>199</xmin>
      <ymin>218</ymin>
      <xmax>281</xmax>
      <ymax>262</ymax>
    </bndbox>
  </object>
  <object>
    <name>nike</name>
    <pose>center</pose>
    <truncated>1</truncated>
    <difficult>0</difficult>
    <bndbox>
      <xmin>273</xmin>
      <ymin>46</ymin>
      <xmax>304</xmax>
      <ymax>63</ymax>
    </bndbox>
  </object>
</annotation>
