<annotation>
  <folder>images</folder>
  <filename>nike_39.JPEG</filename>
  <size>
    <width>600</width>
    <height>600</height>
    <depth>3</depth>
  </size>
  <segmented>0</segmented>
  <object>
    <name>nike</name>
    <pose>center</pose>
    <truncated>1</truncated>
    <difficult>0</difficult>
    <bndbox>
      <xmin>275</xmin>
      <ymin>132</ymin>
      <xmax>332</xmax>
      <ymax>168</ymax>
    </bndbox>
  </object>
  <object>
    <name>nike</name>
    <pose>center</pose>
    <truncated>1</truncated>
    <difficult>0</difficult>
    <bndbox>
      <xmin>292</xmin>
      <ymin>56</ymin>
      <xmax>327</xmax>
      <ymax>83</ymax>
    </bndbox>
  </object>
</annotation>
