<annotation>
  <folder>images</folder>
  <filename>nike_206.JPEG</filename>
  <size>
    <width>500</width>
    <height>500</height>
    <depth>3</depth>
  </size>
  <segmented>0</segmented>
  <object>
    <name>nike</name>
    <pose>center</pose>
    <truncated>1</truncated>
    <difficult>0</difficult>
    <bndbox>
      <xmin>134</xmin>
      <ymin>155</ymin>
      <xmax>177</xmax>
      <ymax>178</ymax>
    </bndbox>
  </object>
  <object>
    <name>nike</name>
    <pose>center</pose>
    <truncated>1</truncated>
    <difficult>0</difficult>
    <bndbox>
      <xmin>265</xmin>
      <ymin>440</ymin>
      <xmax>312</xmax>
      <ymax>467</ymax>
    </bndbox>
  </object>
</annotation>
