<annotation>
  <folder>images</folder>
  <filename>nike_144.JPEG</filename>
  <size>
    <width>620</width>
    <height>620</height>
    <depth>3</depth>
  </size>
  <segmented>0</segmented>
  <object>
    <name>nike</name>
    <pose>center</pose>
    <truncated>1</truncated>
    <difficult>0</difficult>
    <bndbox>
      <xmin>475</xmin>
      <ymin>195</ymin>
      <xmax>508</xmax>
      <ymax>228</ymax>
    </bndbox>
  </object>
  <object>
    <name>nike</name>
    <pose>center</pose>
    <truncated>1</truncated>
    <difficult>0</difficult>
    <bndbox>
      <xmin>267</xmin>
      <ymin>52</ymin>
      <xmax>302</xmax>
      <ymax>74</ymax>
    </bndbox>
  </object>
</annotation>
