<annotation>
  <folder>images</folder>
  <filename>nike_88.JPEG</filename>
  <size>
    <width>250</width>
    <height>300</height>
    <depth>3</depth>
  </size>
  <segmented>0</segmented>
  <object>
    <name>nike</name>
    <pose>center</pose>
    <truncated>1</truncated>
    <difficult>0</difficult>
    <bndbox>
      <xmin>134</xmin>
      <ymin>64</ymin>
      <xmax>163</xmax>
      <ymax>78</ymax>
    </bndbox>
  </object>
  <object>
    <name>nike</name>
    <pose>center</pose>
    <truncated>1</truncated>
    <difficult>0</difficult>
    <bndbox>
      <xmin>194</xmin>
      <ymin>21</ymin>
      <xmax>238</xmax>
      <ymax>44</ymax>
    </bndbox>
  </object>
</annotation>
