<annotation>
  <folder>images</folder>
  <filename>nike_89.JPEG</filename>
  <size>
    <width>250</width>
    <height>300</height>
    <depth>3</depth>
  </size>
  <segmented>0</segmented>
  <object>
    <name>nike</name>
    <pose>center</pose>
    <truncated>1</truncated>
    <difficult>0</difficult>
    <bndbox>
      <xmin>130</xmin>
      <ymin>72</ymin>
      <xmax>161</xmax>
      <ymax>85</ymax>
    </bndbox>
  </object>
  <object>
    <name>nike</name>
    <pose>center</pose>
    <truncated>1</truncated>
    <difficult>0</difficult>
    <bndbox>
      <xmin>193</xmin>
      <ymin>25</ymin>
      <xmax>239</xmax>
      <ymax>41</ymax>
    </bndbox>
  </object>
</annotation>
