<annotation>
  <folder>images</folder>
  <filename>nike_201.JPEG</filename>
  <size>
    <width>600</width>
    <height>600</height>
    <depth>3</depth>
  </size>
  <segmented>0</segmented>
  <object>
    <name>nike</name>
    <pose>center</pose>
    <truncated>1</truncated>
    <difficult>0</difficult>
    <bndbox>
      <xmin>341</xmin>
      <ymin>110</ymin>
      <xmax>382</xmax>
      <ymax>129</ymax>
    </bndbox>
  </object>
  <object>
    <name>nike</name>
    <pose>center</pose>
    <truncated>1</truncated>
    <difficult>0</difficult>
    <bndbox>
      <xmin>390</xmin>
      <ymin>584</ymin>
      <xmax>434</xmax>
      <ymax>599</ymax>
    </bndbox>
  </object>
</annotation>
