<annotation>
  <folder>images</folder>
  <filename>nike_145.JPEG</filename>
  <size>
    <width>620</width>
    <height>620</height>
    <depth>3</depth>
  </size>
  <segmented>0</segmented>
  <object>
    <name>nike</name>
    <pose>center</pose>
    <truncated>1</truncated>
    <difficult>0</difficult>
    <bndbox>
      <xmin>250</xmin>
      <ymin>249</ymin>
      <xmax>294</xmax>
      <ymax>314</ymax>
    </bndbox>
  </object>
  <object>
    <name>nike</name>
    <pose>center</pose>
    <truncated>1</truncated>
    <difficult>0</difficult>
    <bndbox>
      <xmin>283</xmin>
      <ymin>51</ymin>
      <xmax>308</xmax>
      <ymax>67</ymax>
    </bndbox>
  </object>
</annotation>
