<annotation>
  <folder>images</folder>
  <filename>nike_26.JPEG</filename>
  <size>
    <width>500</width>
    <height>613</height>
    <depth>3</depth>
  </size>
  <segmented>0</segmented>
  <object>
    <name>nike</name>
    <pose>center</pose>
    <truncated>1</truncated>
    <difficult>0</difficult>
    <bndbox>
      <xmin>186</xmin>
      <ymin>149</ymin>
      <xmax>241</xmax>
      <ymax>174</ymax>
    </bndbox>
  </object>
  <object>
    <name>nike</name>
    <pose>center</pose>
    <truncated>1</truncated>
    <difficult>0</difficult>
    <bndbox>
      <xmin>277</xmin>
      <ymin>522</ymin>
      <xmax>303</xmax>
      <ymax>553</ymax>
    </bndbox>
  </object>
</annotation>
