<annotation>
  <folder>images</folder>
  <filename>nike_87.JPEG</filename>
  <size>
    <width>250</width>
    <height>300</height>
    <depth>3</depth>
  </size>
  <segmented>0</segmented>
  <object>
    <name>nike</name>
    <pose>center</pose>
    <truncated>1</truncated>
    <difficult>0</difficult>
    <bndbox>
      <xmin>148</xmin>
      <ymin>56</ymin>
      <xmax>175</xmax>
      <ymax>71</ymax>
    </bndbox>
  </object>
  <object>
    <name>nike</name>
    <pose>center</pose>
    <truncated>1</truncated>
    <difficult>0</difficult>
    <bndbox>
      <xmin>193</xmin>
      <ymin>20</ymin>
      <xmax>242</xmax>
      <ymax>43</ymax>
    </bndbox>
  </object>
</annotation>
