<annotation>
  <folder>images</folder>
  <filename>nike_10.JPEG</filename>
  <size>
    <width>800</width>
    <height>800</height>
    <depth>3</depth>
  </size>
  <segmented>0</segmented>
  <object>
    <name>nike</name>
    <pose>center</pose>
    <truncated>1</truncated>
    <difficult>0</difficult>
    <bndbox>
      <xmin>64</xmin>
      <ymin>65</ymin>
      <xmax>253</xmax>
      <ymax>180</ymax>
    </bndbox>
  </object>
  <object>
    <name>nike</name>
    <pose>center</pose>
    <truncated>1</truncated>
    <difficult>0</difficult>
    <bndbox>
      <xmin>478</xmin>
      <ymin>194</ymin>
      <xmax>536</xmax>
      <ymax>224</ymax>
    </bndbox>
  </object>
</annotation>
